Date, Closing_Price 
03-Jan-22," 1,697.38 "
04-Jan-22," 1,711.26 "
05-Jan-22," 1,798.30 "
06-Jan-22," 1,798.64 "
07-Jan-22," 1,774.97 "
10-Jan-22," 1,780.50 "
11-Jan-22," 1,779.44 "
12-Jan-22," 1,794.47 "
13-Jan-22," 1,822.41 "
14-Jan-22," 1,819.92 "
17-Jan-22," 1,834.02 "
18-Jan-22," 1,815.65 "
19-Jan-22," 1,808.76 "
20-Jan-22," 1,726.03 "
21-Jan-22," 1,633.31 "
24-Jan-22," 1,570.80 "
25-Jan-22," 1,552.64 "
27-Jan-22," 1,536.06 "
28-Jan-22," 1,520.00 "
31-Jan-22," 1,568.99 "
01-Feb-22," 1,589.21 "
02-Feb-22," 1,670.69 "
03-Feb-22," 1,633.99 "
04-Feb-22," 1,620.20 "
07-Feb-22," 1,570.92 "
08-Feb-22," 1,597.52 "
09-Feb-22," 1,626.36 "
10-Feb-22," 1,638.92 "
11-Feb-22," 1,610.40 "
14-Feb-22," 1,568.13 "
15-Feb-22," 1,636.58 "
16-Feb-22," 1,628.00 "
17-Feb-22," 1,617.56 "
18-Feb-22," 1,610.13 "
21-Feb-22," 1,600.41 "
22-Feb-22," 1,622.23 "
23-Feb-22," 1,614.65 "
24-Feb-22," 1,524.64 "
25-Feb-22," 1,577.17 "
28-Feb-22," 1,600.74 "
02-Mar-22," 1,606.19 "
03-Mar-22," 1,570.14 "
04-Mar-22," 1,533.00 "
07-Mar-22," 1,436.82 "
08-Mar-22," 1,445.61 "
09-Mar-22," 1,501.89 "
10-Mar-22," 1,546.70 "
11-Mar-22," 1,556.49 "
14-Mar-22," 1,567.19 "
15-Mar-22," 1,570.91 "
16-Mar-22," 1,611.70 "
17-Mar-22," 1,637.74 "
21-Mar-22," 1,617.73 "
22-Mar-22," 1,650.10 "
23-Mar-22," 1,639.38 "
24-Mar-22," 1,637.76 "
25-Mar-22," 1,634.09 "
28-Mar-22," 1,651.90 "
29-Mar-22," 1,649.68 "
30-Mar-22," 1,712.75 "
31-Mar-22," 1,705.22 "
01-Apr-22," 1,713.41 "
04-Apr-22," 1,718.66 "
05-Apr-22," 1,681.89 "
06-Apr-22," 1,671.81 "
07-Apr-22," 1,656.46 "
08-Apr-22," 1,673.38 "
11-Apr-22," 1,657.41 "
12-Apr-22," 1,630.58 "
13-Apr-22," 1,608.18 "
18-Apr-22," 1,582.05 "
19-Apr-22," 1,568.91 "
20-Apr-22," 1,550.91 "
21-Apr-22," 1,583.49 "
22-Apr-22," 1,545.01 "
25-Apr-22," 1,526.32 "
26-Apr-22," 1,542.64 "
27-Apr-22," 1,482.86 "
28-Apr-22," 1,501.38 "
29-Apr-22," 1,490.85 "
02-May-22," 1,495.09 "
04-May-22," 1,432.54 "
05-May-22," 1,413.63 "
06-May-22," 1,364.35 "
09-May-22," 1,377.55 "
10-May-22," 1,362.65 "
11-May-22," 1,331.87 "
12-May-22," 1,284.90 "
13-May-22," 1,261.37 "
16-May-22," 1,266.39 "
17-May-22," 1,297.37 "
18-May-22," 1,275.88 "
19-May-22," 1,240.87 "
20-May-22," 1,256.22 "
23-May-22," 1,257.37 "
24-May-22," 1,235.98 "
25-May-22," 1,240.22 "
26-May-22," 1,247.31 "
27-May-22," 1,276.60 "
30-May-22," 1,293.00 "
31-May-22," 1,291.40 "
01-Jun-22," 1,259.88 "
02-Jun-22," 1,296.14 "
03-Jun-22," 1,269.11 "
06-Jun-22," 1,252.06 "
07-Jun-22," 1,233.64 "
08-Jun-22," 1,246.40 "
09-Jun-22," 1,247.43 "
10-Jun-22," 1,225.07 "
13-Jun-22," 1,139.09 "
14-Jun-22," 1,133.48 "
15-Jun-22," 1,181.39 "
16-Jun-22," 1,147.45 "
17-Jun-22," 1,175.84 "
20-Jun-22," 1,171.32 "
21-Jun-22," 1,173.51 "
22-Jun-22," 1,143.50 "
23-Jun-22," 1,156.02 "
24-Jun-22," 1,158.12 "
27-Jun-22," 1,159.48 "
28-Jun-22," 1,136.32 "
29-Jun-22," 1,111.45 "
30-Jun-22," 1,092.93 "
01-Jul-22," 1,132.64 "
04-Jul-22," 1,138.18 "
05-Jul-22," 1,151.92 "
06-Jul-22," 1,204.26 "
07-Jul-22," 1,196.58 "
08-Jul-22," 1,200.48 "
11-Jul-22," 1,193.27 "
12-Jul-22," 1,186.00 "
13-Jul-22," 1,176.91 "
14-Jul-22," 1,173.09 "
15-Jul-22," 1,183.89 "
18-Jul-22," 1,224.67 "
19-Jul-22," 1,244.53 "
20-Jul-22," 1,241.73 "
21-Jul-22," 1,271.83 "
22-Jul-22," 1,274.11 "
25-Jul-22," 1,261.07 "
26-Jul-22," 1,331.48 "
27-Jul-22," 1,330.32 "
28-Jul-22," 1,465.23 "
29-Jul-22," 1,503.93 "
01-Aug-22," 1,507.23 "
02-Aug-22," 1,521.58 "
03-Aug-22," 1,524.37 "
04-Aug-22," 1,517.89 "
05-Aug-22," 1,508.90 "
08-Aug-22," 1,553.42 "
10-Aug-22," 1,564.33 "
11-Aug-22," 1,572.93 "
12-Aug-22," 1,577.04 "
16-Aug-22," 1,591.43 "
17-Aug-22," 1,682.86 "
18-Aug-22," 1,681.08 "
19-Aug-22," 1,629.29 "
22-Aug-22," 1,587.27 "
23-Aug-22," 1,630.93 "
24-Aug-22," 1,632.82 "
25-Aug-22," 1,624.65 "
26-Aug-22," 1,628.76 "
29-Aug-22," 1,608.68 "
30-Aug-22," 1,696.67 "
01-Sep-22," 1,740.40 "
02-Sep-22," 1,733.12 "
05-Sep-22," 1,737.57 "
06-Sep-22," 1,697.43 "
07-Sep-22," 1,705.65 "
08-Sep-22," 1,738.15 "
09-Sep-22," 1,720.27 "
12-Sep-22," 1,715.78 "
13-Sep-22," 1,784.45 "
14-Sep-22," 1,806.10 "
15-Sep-22," 1,772.00 "
16-Sep-22," 1,735.10 "
19-Sep-22," 1,766.15 "
20-Sep-22," 1,802.80 "
21-Sep-22," 1,801.95 "
22-Sep-22," 1,771.85 "
23-Sep-22," 1,722.25 "
26-Sep-22," 1,677.45 "
27-Sep-22," 1,679.65 "
28-Sep-22," 1,651.05 "
29-Sep-22," 1,635.60 "
30-Sep-22," 1,678.60 "
03-Oct-22," 1,646.05 "
04-Oct-22," 1,701.50 "
06-Oct-22," 1,710.05 "
07-Oct-22," 1,699.30 "
10-Oct-22," 1,684.10 "
11-Oct-22," 1,673.50 "
12-Oct-22," 1,694.40 "
13-Oct-22," 1,681.35 "
14-Oct-22," 1,688.45 "
17-Oct-22," 1,718.80 "
18-Oct-22," 1,725.85 "
19-Oct-22," 1,698.90 "
20-Oct-22," 1,725.25 "
21-Oct-22," 1,684.00 "
24-Oct-22," 1,702.55 "
25-Oct-22," 1,659.05 "
27-Oct-22," 1,631.20 "
28-Oct-22," 1,653.30 "
31-Oct-22," 1,687.75 "
01-Nov-22," 1,708.60 "
02-Nov-22," 1,711.10 "
03-Nov-22," 1,723.25 "
04-Nov-22," 1,801.70 "
07-Nov-22," 1,777.45 "
09-Nov-22," 1,753.50 "
10-Nov-22," 1,700.20 "
11-Nov-22," 1,718.25 "
14-Nov-22," 1,718.35 "
15-Nov-22," 1,705.35 "
16-Nov-22," 1,685.75 "
17-Nov-22," 1,664.60 "
18-Nov-22," 1,654.65 "
21-Nov-22," 1,635.20 "
22-Nov-22," 1,643.15 "
23-Nov-22," 1,635.95 "
24-Nov-22," 1,634.15 "
25-Nov-22," 1,633.25 "
28-Nov-22," 1,653.15 "
29-Nov-22," 1,632.20 "
30-Nov-22," 1,626.80 "
01-Dec-22," 1,639.05 "
02-Dec-22," 1,642.95 "
05-Dec-22," 1,634.00 "
06-Dec-22," 1,635.25 "
07-Dec-22," 1,607.00 "
08-Dec-22," 1,618.10 "
09-Dec-22," 1,598.45 "
12-Dec-22," 1,591.95 "
13-Dec-22," 1,611.20 "
14-Dec-22," 1,622.60 "
15-Dec-22," 1,603.45 "
16-Dec-22," 1,587.20 "
19-Dec-22," 1,618.90 "
20-Dec-22," 1,615.15 "
21-Dec-22," 1,584.75 "
22-Dec-22," 1,544.40 "
23-Dec-22," 1,497.05 "
26-Dec-22," 1,534.95 "
27-Dec-22," 1,537.70 "
28-Dec-22," 1,524.45 "
29-Dec-22," 1,514.90 "
30-Dec-22," 1,548.45 "
02-Jan-23," 1,552.40 "
03-Jan-23," 1,563.25 "
04-Jan-23," 1,547.45 "
05-Jan-23," 1,468.55 "
06-Jan-23," 1,429.90 "
09-Jan-23," 1,412.65 "
10-Jan-23," 1,413.50 "
11-Jan-23," 1,400.10 "
12-Jan-23," 1,387.85 "
13-Jan-23," 1,391.60 "
16-Jan-23," 1,384.30 "
17-Jan-23," 1,373.05 "
18-Jan-23," 1,366.70 "
19-Jan-23," 1,354.65 "
20-Jan-23," 1,333.25 "
23-Jan-23," 1,332.55 "
24-Jan-23," 1,332.90 "
25-Jan-23," 1,314.75 "
27-Jan-23," 1,314.85 "
30-Jan-23," 1,344.00 "
31-Jan-23," 1,343.15 "
01-Feb-23," 1,267.30 "
02-Feb-23," 1,271.95 "
03-Feb-23," 1,337.50 "
06-Feb-23," 1,343.00 "
07-Feb-23," 1,351.20 "
08-Feb-23," 1,369.00 "
09-Feb-23," 1,400.50 "
10-Feb-23," 1,401.35 "
13-Feb-23," 1,388.00 "
14-Feb-23," 1,399.70 "
15-Feb-23," 1,419.85 "
16-Feb-23," 1,426.50 "
17-Feb-23," 1,413.90 "
20-Feb-23," 1,404.95 "
21-Feb-23," 1,393.70 "
22-Feb-23," 1,361.30 "
23-Feb-23," 1,347.55 "
24-Feb-23," 1,358.90 "
27-Feb-23," 1,358.25 "
28-Feb-23," 1,334.25 "
01-Mar-23," 1,344.60 "
02-Mar-23," 1,343.40 "
03-Mar-23," 1,355.20 "
06-Mar-23," 1,381.40 "
08-Mar-23," 1,379.95 "
09-Mar-23," 1,352.75 "
10-Mar-23," 1,328.70 "
13-Mar-23," 1,295.90 "
14-Mar-23," 1,281.15 "
15-Mar-23," 1,282.20 "
16-Mar-23," 1,295.20 "
17-Mar-23," 1,301.05 "
20-Mar-23," 1,245.80 "
21-Mar-23," 1,267.35 "
22-Mar-23," 1,294.60 "
23-Mar-23," 1,290.25 "
24-Mar-23," 1,241.05 "
27-Mar-23," 1,239.20 "
28-Mar-23," 1,223.20 "
29-Mar-23," 1,245.30 "
31-Mar-23," 1,266.35 "
03-Apr-23," 1,282.35 "
05-Apr-23," 1,279.35 "
06-Apr-23," 1,303.65 "
10-Apr-23," 1,304.95 "
11-Apr-23," 1,323.35 "
12-Apr-23," 1,321.45 "
13-Apr-23," 1,340.80 "
17-Apr-23," 1,340.25 "
18-Apr-23," 1,335.10 "
19-Apr-23," 1,331.35 "
20-Apr-23," 1,331.60 "
21-Apr-23," 1,316.70 "
24-Apr-23," 1,319.15 "
25-Apr-23," 1,345.95 "
26-Apr-23," 1,334.65 "
27-Apr-23," 1,359.95 "
28-Apr-23," 1,351.35 "
02-May-23," 1,349.10 "
03-May-23," 1,346.25 "
04-May-23," 1,374.05 "
05-May-23," 1,359.55 "
08-May-23," 1,404.75 "
09-May-23," 1,407.90 "
10-May-23," 1,413.75 "
11-May-23," 1,419.70 "
12-May-23," 1,423.40 "
15-May-23," 1,421.30 "
16-May-23," 1,428.35 "
17-May-23," 1,415.30 "
18-May-23," 1,415.00 "
19-May-23," 1,415.85 "
22-May-23," 1,412.80 "
23-May-23," 1,437.55 "
24-May-23," 1,426.00 "
25-May-23," 1,427.35 "
26-May-23," 1,438.05 "
29-May-23," 1,449.65 "
30-May-23," 1,465.25 "
31-May-23," 1,452.70 "
01-Jun-23," 1,450.40 "
02-Jun-23," 1,456.55 "
05-Jun-23," 1,458.70 "
06-Jun-23," 1,475.00 "
07-Jun-23," 1,481.05 "
08-Jun-23," 1,467.40 "
09-Jun-23," 1,466.05 "
12-Jun-23," 1,465.65 "
13-Jun-23," 1,487.50 "
14-Jun-23," 1,480.25 "
15-Jun-23," 1,475.95 "
16-Jun-23," 1,508.50 "
19-Jun-23," 1,541.90 "
20-Jun-23," 1,521.15 "
21-Jun-23," 1,519.10 "
22-Jun-23," 1,508.50 "
23-Jun-23," 1,501.60 "
26-Jun-23," 1,508.50 "
27-Jun-23," 1,522.40 "
28-Jun-23," 1,518.50 "
30-Jun-23," 1,527.35 "
03-Jul-23," 1,540.65 "
04-Jul-23," 1,629.45 "
05-Jul-23," 1,614.70 "
06-Jul-23," 1,620.10 "
07-Jul-23," 1,614.45 "
10-Jul-23," 1,598.40 "
11-Jul-23," 1,592.50 "
12-Jul-23," 1,592.30 "
13-Jul-23," 1,616.30 "
14-Jul-23," 1,614.05 "
17-Jul-23," 1,610.65 "
18-Jul-23," 1,617.65 "
19-Jul-23," 1,644.15 "
20-Jul-23," 1,635.15 "
21-Jul-23," 1,631.00 "
24-Jul-23," 1,657.70 "
25-Jul-23," 1,648.25 "
26-Jul-23," 1,625.65 "
27-Jul-23," 1,612.30 "
28-Jul-23," 1,584.15 "
31-Jul-23," 1,598.35 "
01-Aug-23," 1,572.45 "
02-Aug-23," 1,526.95 "
03-Aug-23," 1,494.90 "
04-Aug-23," 1,486.10 "
07-Aug-23," 1,507.50 "
08-Aug-23," 1,515.95 "
09-Aug-23," 1,516.25 "
10-Aug-23," 1,519.55 "
11-Aug-23," 1,503.05 "
14-Aug-23," 1,482.10 "
16-Aug-23," 1,469.40 "
17-Aug-23," 1,477.15 "
18-Aug-23," 1,459.60 "
21-Aug-23," 1,478.55 "
22-Aug-23," 1,467.50 "
23-Aug-23," 1,470.05 "
24-Aug-23," 1,469.10 "
25-Aug-23," 1,503.80 "
28-Aug-23," 1,499.25 "
29-Aug-23," 1,504.50 "
30-Aug-23," 1,501.80 "
31-Aug-23," 1,488.25 "
01-Sep-23," 1,513.70 "
04-Sep-23," 1,510.05 "
05-Sep-23," 1,509.55 "
06-Sep-23," 1,519.40 "
07-Sep-23," 1,519.30 "
08-Sep-23," 1,540.60 "
11-Sep-23," 1,549.40 "
12-Sep-23," 1,543.65 "
13-Sep-23," 1,552.35 "
14-Sep-23," 1,550.75 "
15-Sep-23," 1,538.35 "
18-Sep-23," 1,559.15 "
20-Sep-23," 1,551.20 "
21-Sep-23," 1,525.30 "
22-Sep-23," 1,542.30 "
25-Sep-23," 1,576.75 "
26-Sep-23," 1,567.95 "
27-Sep-23," 1,566.15 "
28-Sep-23," 1,539.20 "
29-Sep-23," 1,540.45 "
03-Oct-23," 1,560.50 "
04-Oct-23," 1,532.25 "
05-Oct-23," 1,542.45 "
06-Oct-23," 1,632.80 "
09-Oct-23," 1,620.65 "
10-Oct-23," 1,633.15 "
11-Oct-23," 1,635.80 "
12-Oct-23," 1,634.35 "
13-Oct-23," 1,646.20 "
16-Oct-23," 1,641.55 "
17-Oct-23," 1,657.40 "
18-Oct-23," 1,628.40 "
19-Oct-23," 1,634.45 "
20-Oct-23," 1,635.30 "
23-Oct-23," 1,611.80 "
25-Oct-23," 1,609.95 "
26-Oct-23," 1,559.00 "
27-Oct-23," 1,566.00 "
30-Oct-23," 1,560.50 "
31-Oct-23," 1,567.70 "
01-Nov-23," 1,573.55 "
02-Nov-23," 1,575.70 "
03-Nov-23," 1,538.30 "
06-Nov-23," 1,564.20 "
07-Nov-23," 1,569.75 "
08-Nov-23," 1,575.50 "
09-Nov-23," 1,583.05 "
10-Nov-23," 1,595.95 "
12-Nov-23," 1,593.65 "
13-Nov-23," 1,585.40 "
15-Nov-23," 1,594.05 "
16-Nov-23," 1,620.15 "
17-Nov-23," 1,615.25 "
20-Nov-23," 1,598.35 "
21-Nov-23," 1,610.10 "
22-Nov-23," 1,622.00 "
23-Nov-23," 1,624.00 "
24-Nov-23," 1,617.00 "
28-Nov-23," 1,654.55 "
29-Nov-23," 1,654.00 "
30-Nov-23," 1,674.80 "
01-Dec-23," 1,684.85 "
04-Dec-23," 1,694.60 "
05-Dec-23," 1,693.25 "
06-Dec-23," 1,700.10 "
07-Dec-23," 1,703.85 "
08-Dec-23," 1,710.25 "
11-Dec-23," 1,702.95 "
12-Dec-23," 1,705.85 "
13-Dec-23," 1,683.90 "
14-Dec-23," 1,730.95 "
15-Dec-23," 1,733.10 "
18-Dec-23," 1,723.85 "
19-Dec-23," 1,710.15 "
20-Dec-23," 1,680.65 "
21-Dec-23," 1,668.40 "
22-Dec-23," 1,671.45 "
26-Dec-23," 1,647.65 "
27-Dec-23," 1,669.50 "
28-Dec-23," 1,680.15 "
29-Dec-23," 1,685.40 "
01-Jan-24," 1,674.25 "
02-Jan-24," 1,686.60 "
03-Jan-24," 1,677.20 "
04-Jan-24," 1,701.50 "
05-Jan-24," 1,709.25 "
08-Jan-24," 1,696.70 "
09-Jan-24," 1,681.85 "
10-Jan-24," 1,671.95 "
11-Jan-24," 1,669.25 "
12-Jan-24," 1,651.65 "
15-Jan-24," 1,632.35 "
16-Jan-24," 1,623.65 "
17-Jan-24," 1,584.95 "
18-Jan-24," 1,581.10 "
19-Jan-24," 1,600.40 "
20-Jan-24," 1,579.70 "
23-Jan-24," 1,584.00 "
24-Jan-24," 1,620.65 "
25-Jan-24," 1,630.20 "
29-Jan-24," 1,637.00 "
30-Jan-24," 1,590.95 "
31-Jan-24," 1,627.15 "
01-Feb-24," 1,621.75 "
02-Feb-24," 1,652.15 "
05-Feb-24," 1,614.50 "
06-Feb-24," 1,597.10 "
07-Feb-24," 1,596.90 "
08-Feb-24," 1,570.70 "
09-Feb-24," 1,571.15 "
12-Feb-24," 1,557.35 "
13-Feb-24," 1,568.20 "
14-Feb-24," 1,579.25 "
15-Feb-24," 1,569.45 "
16-Feb-24," 1,575.55 "
19-Feb-24," 1,620.15 "
20-Feb-24," 1,603.50 "
21-Feb-24," 1,586.45 "
22-Feb-24," 1,593.75 "
23-Feb-24," 1,616.60 "
26-Feb-24," 1,613.65 "
27-Feb-24," 1,599.65 "
28-Feb-24," 1,584.10 "
29-Feb-24," 1,594.15 "
01-Mar-24," 1,613.55 "
02-Mar-24," 1,609.60 "
04-Mar-24," 1,619.40 "
05-Mar-24," 1,550.05 "
06-Mar-24," 1,551.60 "
07-Mar-24," 1,582.60 "
11-Mar-24," 1,599.90 "
12-Mar-24," 1,593.10 "
13-Mar-24," 1,572.05 "
14-Mar-24," 1,564.20 "
15-Mar-24," 1,571.90 "
18-Mar-24," 1,576.90 "
19-Mar-24," 1,581.35 "
20-Mar-24," 1,584.35 "
21-Mar-24," 1,602.20 "
22-Mar-24," 1,587.40 "
26-Mar-24," 1,593.35 "
27-Mar-24," 1,581.20 "
28-Mar-24," 1,643.65 "
01-Apr-24," 1,645.85 "
02-Apr-24," 1,657.65 "
03-Apr-24," 1,639.75 "
04-Apr-24," 1,655.20 "
05-Apr-24," 1,675.85 "
08-Apr-24," 1,689.70 "
09-Apr-24," 1,709.60 "
10-Apr-24," 1,703.45 "
12-Apr-24," 1,698.10 "
15-Apr-24," 1,657.30 "
16-Apr-24," 1,618.55 "
18-Apr-24," 1,594.25 "
19-Apr-24," 1,618.70 "
22-Apr-24," 1,629.15 "
23-Apr-24," 1,620.45 "
24-Apr-24," 1,630.45 "
25-Apr-24," 1,655.80 "
26-Apr-24," 1,597.10 "
29-Apr-24," 1,595.45 "
30-Apr-24," 1,615.70 "
02-May-24," 1,616.00 "
03-May-24," 1,627.10 "
06-May-24," 1,611.55 "
07-May-24," 1,614.45 "
08-May-24," 1,602.70 "
09-May-24," 1,563.10 "
10-May-24," 1,573.25 "
13-May-24," 1,580.85 "
14-May-24," 1,575.85 "
15-May-24," 1,569.05 "
16-May-24," 1,596.10 "
17-May-24," 1,584.50 "
18-May-24," 1,586.30 "
21-May-24," 1,582.45 "
22-May-24," 1,584.20 "
23-May-24," 1,608.55 "
24-May-24," 1,601.25 "
27-May-24," 1,595.05 "
28-May-24," 1,600.00 "
29-May-24," 1,569.80 "
30-May-24," 1,524.15 "
31-May-24," 1,528.45 "
03-Jun-24," 1,575.85 "
04-Jun-24," 1,478.65 "
05-Jun-24," 1,518.20 "
06-Jun-24," 1,526.45 "
07-Jun-24," 1,564.70 "
10-Jun-24," 1,565.05 "
11-Jun-24," 1,568.25 "
12-Jun-24," 1,579.40 "
13-Jun-24," 1,590.15 "
14-Jun-24," 1,592.40 "
18-Jun-24," 1,598.80 "
19-Jun-24," 1,594.70 "
20-Jun-24," 1,586.25 "
21-Jun-24," 1,579.00 "
24-Jun-24," 1,587.20 "
25-Jun-24," 1,602.80 "
26-Jun-24," 1,600.85 "
27-Jun-24," 1,602.80 "
28-Jun-24," 1,587.80 "
01-Jul-24," 1,580.05 "
02-Jul-24," 1,579.90 "
03-Jul-24," 1,594.60 "
04-Jul-24," 1,583.50 "
05-Jul-24," 1,579.80 "
08-Jul-24," 1,568.15 "
09-Jul-24," 1,581.60 "
10-Jul-24," 1,582.60 "
11-Jul-24," 1,588.05 "
12-Jul-24," 1,597.05 "
15-Jul-24," 1,602.80 "
16-Jul-24," 1,609.95 "
18-Jul-24," 1,651.40 "
19-Jul-24," 1,639.70 "
22-Jul-24," 1,631.40 "
23-Jul-24," 1,617.80 "
24-Jul-24," 1,578.45 "
25-Jul-24," 1,571.45 "
26-Jul-24," 1,586.05 "
29-Jul-24," 1,617.40 "
30-Jul-24," 1,644.40 "
31-Jul-24," 1,653.30 "
01-Aug-24," 1,633.80 "
02-Aug-24," 1,624.00 "
05-Aug-24," 1,567.30 "
06-Aug-24," 1,564.00 "
07-Aug-24," 1,571.70 "
08-Aug-24," 1,541.45 "
09-Aug-24," 1,560.10 "
12-Aug-24," 1,558.65 "
13-Aug-24," 1,544.35 "
14-Aug-24," 1,529.15 "
16-Aug-24," 1,550.20 "
19-Aug-24," 1,551.85 "
20-Aug-24," 1,602.30 "
21-Aug-24," 1,619.25 "
22-Aug-24," 1,626.25 "
23-Aug-24," 1,640.20 "
26-Aug-24," 1,686.70 "
27-Aug-24," 1,721.55 "
28-Aug-24," 1,714.00 "
29-Aug-24," 1,755.25 "
30-Aug-24," 1,782.45 "
02-Sep-24," 1,840.10 "
03-Sep-24," 1,863.95 "
04-Sep-24," 1,871.95 "
05-Sep-24," 1,864.45 "
06-Sep-24," 1,856.75 "
09-Sep-24," 1,858.90 "
10-Sep-24," 1,825.30 "
11-Sep-24," 1,832.70 "
12-Sep-24," 1,853.50 "
13-Sep-24," 1,893.75 "
16-Sep-24," 1,858.05 "
17-Sep-24," 1,848.50 "
18-Sep-24," 1,887.50 "
19-Sep-24," 1,890.90 "
20-Sep-24," 1,917.05 "
23-Sep-24," 1,919.95 "
24-Sep-24," 1,905.45 "
25-Sep-24," 1,926.35 "
26-Sep-24," 1,982.35 "
27-Sep-24," 2,010.70 "
30-Sep-24," 1,972.80 "
01-Oct-24," 1,974.55 "
03-Oct-24," 1,913.20 "
04-Oct-24," 1,882.85 "
07-Oct-24," 1,879.90 "
08-Oct-24," 1,837.20 "
09-Oct-24," 1,867.55 "
10-Oct-24," 1,875.40 "
11-Oct-24," 1,876.35 "
14-Oct-24," 1,866.80 "
15-Oct-24," 1,854.50 "
16-Oct-24," 1,857.65 "
17-Oct-24," 1,815.35 "
18-Oct-24," 1,819.75 "
21-Oct-24," 1,758.75 "
22-Oct-24," 1,723.20 "
23-Oct-24," 1,739.95 "
24-Oct-24," 1,741.70 "
25-Oct-24," 1,707.10 "
28-Oct-24," 1,730.15 "
29-Oct-24," 1,767.85 "
30-Oct-24," 1,752.10 "
31-Oct-24," 1,751.70 "
01-Nov-24," 1,755.10 "
04-Nov-24," 1,712.30 "
05-Nov-24," 1,734.45 "
06-Nov-24," 1,747.60 "
07-Nov-24," 1,730.20 "
08-Nov-24," 1,740.85 "
11-Nov-24," 1,717.60 "
12-Nov-24," 1,691.65 "
13-Nov-24," 1,664.60 "
14-Nov-24," 1,639.90 "
18-Nov-24," 1,615.65 "
19-Nov-24," 1,594.95 "
21-Nov-24," 1,568.65 "
22-Nov-24," 1,601.60 "
25-Nov-24," 1,605.35 "
26-Nov-24," 1,594.85 "
27-Nov-24," 1,600.35 "
28-Nov-24," 1,574.80 "
29-Nov-24," 1,580.05 "
02-Dec-24," 1,596.70 "
03-Dec-24," 1,607.35 "
04-Dec-24," 1,628.60 "
05-Dec-24," 1,644.00 "
06-Dec-24," 1,635.85 "
09-Dec-24," 1,638.05 "
10-Dec-24," 1,664.05 "
11-Dec-24," 1,684.60 "
12-Dec-24," 1,679.15 "
13-Dec-24," 1,679.55 "
16-Dec-24," 1,672.55 "
17-Dec-24," 1,641.95 "
18-Dec-24," 1,630.70 "
19-Dec-24," 1,590.20 "
20-Dec-24," 1,569.10 "
23-Dec-24," 1,564.10 "
24-Dec-24," 1,564.30 "
26-Dec-24," 1,559.80 "
27-Dec-24," 1,578.60 "
30-Dec-24," 1,575.95 "
31-Dec-24," 1,568.00 "
01-Jan-25," 1,576.70 "
02-Jan-25," 1,700.60 "
03-Jan-25," 1,700.50 "
06-Jan-25," 1,684.45 "
07-Jan-25," 1,684.60 "
08-Jan-25," 1,696.35 "
09-Jan-25," 1,690.55 "
10-Jan-25," 1,699.85 "
13-Jan-25," 1,674.60 "
14-Jan-25," 1,712.25 "
15-Jan-25," 1,672.10 "
16-Jan-25," 1,696.60 "
17-Jan-25," 1,681.10 "
20-Jan-25," 1,734.60 "
21-Jan-25," 1,715.55 "
22-Jan-25," 1,743.45 "
23-Jan-25," 1,745.75 "
24-Jan-25," 1,728.50 "
27-Jan-25," 1,711.70 "
28-Jan-25," 1,767.90 "
29-Jan-25," 1,789.40 "
30-Jan-25," 1,744.70 "
31-Jan-25," 1,737.15 "
01-Feb-25," 1,754.15 "
03-Feb-25," 1,794.45 "
04-Feb-25," 1,814.10 "
05-Feb-25," 1,796.35 "
06-Feb-25," 1,787.35 "
07-Feb-25," 1,797.55 "
10-Feb-25," 1,792.85 "
11-Feb-25," 1,744.50 "
12-Feb-25," 1,787.55 "
13-Feb-25," 1,849.20 "
14-Feb-25," 1,840.45 "
17-Feb-25," 1,892.55 "
18-Feb-25," 1,893.40 "
19-Feb-25," 1,874.65 "
20-Feb-25," 1,880.85 "
21-Feb-25," 1,878.45 "
24-Feb-25," 1,857.55 "
25-Feb-25," 1,875.95 "
27-Feb-25," 1,924.55 "
28-Feb-25," 1,873.00 "
03-Mar-25," 1,838.20 "
04-Mar-25," 1,790.30 "
05-Mar-25," 1,802.00 "
06-Mar-25," 1,845.15 "
07-Mar-25," 1,846.85 "
10-Mar-25," 1,838.85 "
11-Mar-25," 1,805.50 "
12-Mar-25," 1,818.90 "
13-Mar-25," 1,806.95 "
17-Mar-25," 1,871.85 "
18-Mar-25," 1,845.00 "
19-Mar-25," 1,841.70 "
20-Mar-25," 1,851.30 "
21-Mar-25," 1,845.65 "
24-Mar-25," 1,894.80 "
25-Mar-25," 1,946.10 "
26-Mar-25," 1,942.70 "
27-Mar-25," 2,005.40 "
28-Mar-25," 2,005.95 "
01-Apr-25," 1,936.50 "
02-Apr-25," 1,927.60 "
03-Apr-25," 1,920.85 "
04-Apr-25," 1,912.15 "
07-Apr-25," 1,852.15 "
08-Apr-25," 1,902.95 "
09-Apr-25," 1,896.40 "
11-Apr-25," 1,945.65 "
15-Apr-25," 1,967.85 "
16-Apr-25," 1,969.90 "
17-Apr-25," 2,033.75 "
21-Apr-25," 2,104.25 "
22-Apr-25," 2,077.90 "
23-Apr-25," 2,100.00 "
24-Apr-25," 2,105.40 "
25-Apr-25," 2,045.35 "
28-Apr-25," 2,048.75 "
29-Apr-25," 2,065.00 "
30-Apr-25," 1,952.40 "
02-May-25," 1,957.00 "
05-May-25," 2,025.40 "
06-May-25," 2,032.45 "
07-May-25," 2,028.85 "
08-May-25," 2,005.65 "
09-May-25," 1,970.30 "
12-May-25," 2,050.60 "
13-May-25," 2,018.15 "
14-May-25," 2,019.60 "
15-May-25," 2,042.30 "
16-May-25," 2,033.70 "
19-May-25," 2,037.85 "
20-May-25," 2,002.30 "
21-May-25," 2,036.65 "
22-May-25," 2,000.00 "
23-May-25," 2,036.75 "
26-May-25," 2,050.45 "
27-May-25," 2,030.15 "
28-May-25," 2,021.10 "
29-May-25," 2,010.80 "
30-May-25," 2,015.80 "
02-Jun-25," 2,029.30 "
03-Jun-25," 1,991.40 "
04-Jun-25," 1,955.75 "
05-Jun-25," 1,943.50 "
06-Jun-25," 1,989.40 "
09-Jun-25," 2,017.00 "
10-Jun-25," 1,998.35 "
11-Jun-25," 2,012.40 "
12-Jun-25," 2,027.00 "
13-Jun-25," 2,010.90 "
16-Jun-25," 2,028.15 "
17-Jun-25," 2,003.60 "
18-Jun-25," 1,980.45 "
19-Jun-25," 1,966.60 "
20-Jun-25," 1,983.35 "
23-Jun-25," 1,997.50 "
24-Jun-25," 2,008.50 "
25-Jun-25," 2,010.95 "
26-Jun-25," 2,052.40 "
27-Jun-25," 2,042.90 "
30-Jun-25," 2,054.35 "
01-Jul-25," 2,053.15 "
02-Jul-25," 2,008.10 "
03-Jul-25," 1,980.35 "
